{
  "ef050e9e-2928-4233-a864-a83981ecb79f" : {
    "text" : "[\r\n  {\r\n    \"company\": \"OpenAI\",\r\n    \"model\": \"GPT-4\",\r\n    \"context_window_size\": 8192\r\n  },\r\n  {\r\n    \"company\": \"OpenAI\",\r\n    \"model\": \"GPT-4 Turbo\",\r\n    \"context_window_size\": 128000\r\n  },\r\n  {\r\n    \"company\": \"OpenAI\",\r\n    \"model\": \"GPT-3.5 Turbo\",\r\n    \"context_window_size\": 16385\r\n  },\r\n  {\r\n    \"company\": \"Anthropic\",\r\n    \"model\": \"Claude 1\",\r\n    \"context_window_size\": 9000\r\n  },\r\n  {\r\n    \"company\": \"Anthropic\",\r\n    \"model\": \"Claude 2\",\r\n    \"context_window_size\": 100000\r\n  },\r\n  {\r\n    \"company\": \"Anthropic\",\r\n    \"model\": \"Claude 3\",\r\n    \"context_window_size\": 200000\r\n  },\r\n  {\r\n    \"company\": \"Google DeepMind\",\r\n    \"model\": \"Gemini 1.0\",\r\n    \"context_window_size\": 32000\r\n  },\r\n  {\r\n    \"company\": \"Google DeepMind\",\r\n    \"model\": \"Gemini 1.5\",\r\n    \"context_window_size\": 1000000\r\n  },\r\n  {\r\n    \"company\": \"Mistral\",\r\n    \"model\": \"Mistral 7B Instruct\",\r\n    \"context_window_size\": 8192\r\n  },\r\n  {\r\n    \"company\": \"Mistral\",\r\n    \"model\": \"Mixtral 8x7B\",\r\n    \"context_window_size\": 32768\r\n  },\r\n  {\r\n    \"company\": \"Meta\",\r\n    \"model\": \"LLaMA 2\",\r\n    \"context_window_size\": 4096\r\n  },\r\n  {\r\n    \"company\": \"Meta\",\r\n    \"model\": \"LLaMA 3\",\r\n    \"context_window_size\": 8192\r\n  },\r\n  {\r\n    \"company\": \"Cohere\",\r\n    \"model\": \"Command R\",\r\n    \"context_window_size\": 16384\r\n  },\r\n  {\r\n    \"company\": \"Cohere\",\r\n    \"model\": \"Command R+__CUSTOM\",\r\n    \"context_window_size\": 128000\r\n  }",
    "embedding" : [ -0.027208326, 0.08064325, -0.11994161, -0.016946567, 0.042345095, 0.01530754, 0.057864286, -0.011308011, -0.021369891, 0.009357208, 0.045347225, 0.019733641, 0.020830823, 0.016082756, 0.04015983, -0.006974756, -0.017691951, 0.014113761, 0.017149054, 0.021002585, 0.024494233, -0.11377163, 0.020825047, -0.0071404343, 0.023908649, 0.017712649, 0.012646652, 0.056838684, -0.052452274, -0.0139356945, 0.089016184, 0.053448282, -0.0013321021, -0.030292096, -0.022754537, -0.06501769, 0.044663094, 0.030775603, -0.023351181, 0.053744245, 0.051589288, -0.0038071102, 0.04225272, -0.009829655, -0.037161853, -0.047993254, 0.0043484247, -0.0011665687, 0.075363204, -0.07701732, 0.029098008, 0.003604761, -0.015179857, -0.04680373, 0.06042105, 0.009113695, -0.015552723, 0.043222863, 0.026127035, -0.022229306, 0.01753898, 0.04336647, -0.015619655, 0.11900263, 0.042152904, -0.013765744, 0.008989173, 0.05305107, -0.0062384354, -0.023929784, -0.029917028, -0.013943727, 0.014506923, -0.0116410935, -0.073829055, -0.039452236, -0.060650893, -0.03473487, 0.011112062, 0.031371705, 0.018327499, -0.0023824605, 0.04807333, -0.001007889, 0.020850327, 0.0045228433, -0.0894267, 0.0066252234, 0.021964038, 0.054436117, 0.076607466, 0.022225427, 0.014872187, 0.045209385, -0.007421702, 0.021017073, -0.02943959, -0.017731216, -0.011794612, 0.023199266, -0.026398918, -0.01325918, 0.01770619, 0.032778338, 0.027043121, 0.06527846, -0.026535653, -0.020295417, 0.016660875, 0.029886378, 0.001734023, 0.020253224, 0.00781929, -0.030430837, 0.03043975, -0.01682692, 0.06259463, -0.018381566, -0.003076984, 0.028558727, -0.026185833, -0.033601273, 5.329392E-4, -0.051268175, 0.06419388, -0.019936064, -0.027041735, -0.014701035, 0.0041386327, -0.052627362, -0.011153462, -0.0096623385, -0.0748543, 0.030001892, 0.02517337, 0.0719745, -0.08893526, 0.024506275, 0.0390537, 0.022410084, -0.03437382, -0.0053551435, -0.024017697, -0.041634213, -0.018883945, -0.08645765, 0.037879273, 7.75772E-4, -0.025373494, 0.017452408, -0.005103578, 0.013463979, -0.037271798, 0.07855757, 0.020515515, -0.018008139, -0.009453193, -0.025633026, -0.013355745, 0.008882104, 0.034781873, 0.011162849, -0.01858309, 0.051681124, -0.018842382, -0.024025181, 0.030507213, 0.032893002, 0.0043374314, 0.050054446, -0.08045654, 0.003918382, 0.0013468281, -0.027295308, -0.01108298, 0.014996367, 0.026719533, -0.017835062, 0.04418109, -0.028621241, 0.024787335, -0.019009575, -0.00914672, -0.01042722, -0.041993067, 0.0011019993, -0.030955223, -0.059361435, 0.0078435885, -0.050113022, 0.04159486, 0.034249727, -0.04769081, -0.03872809, -0.04284741, -0.024180686, 0.03839737, -0.034226764, 0.011051015, 0.014778747, -0.054041315, 0.0013312305, -0.021752713, 0.073598705, 0.0040798793, 0.0050707124, -0.005951986, 0.03884762, -0.012734769, 0.05035996, 0.0030226572, 0.021356583, -0.03552186, -0.024976462, 0.023249574, -0.038773715, -0.0051732543, -0.013318118, -0.008704793, 0.015452452, 0.061395988, 0.014695391, 0.042616427, -0.030990692, 0.022571169, 8.3633955E-4, -0.06870065, 0.028498512, 0.018287571, 0.030691925, 0.004747965, -0.030444797, -3.7449473E-4, 0.0011525286, 0.015246305, 0.013930054, -0.029126389, 0.04555198, -0.049295034, 0.03283503, 0.005614294, -0.002690399, -0.018511664, 0.024272278, -0.05419948, -0.044535995, -0.06681596, -0.026963208, -0.025867987, 0.032971073, -0.035854146, 0.03508283, 0.03471257, -0.009837153, 0.028715335, -0.043817494, -0.01275505, -0.002595154, 0.02679958, 0.031450916, -0.034156553, -0.020427467, 0.024790753, 0.048400234, 0.037704594, 0.0027198289, 0.009125948, -0.04846658, 0.04134532, 0.011450046, 0.051494896, 0.0361683, 0.01254977, 0.017635673, 0.0036642896, 0.030508572, 0.018806743, 0.018200697, -0.03173163, 0.030228537, -0.094056614, -0.05535365, -0.05573505, -0.023588523, 0.05417259, 0.007074954, -0.015222999, 0.04203964, 3.2295386E-4, -0.012719656, 0.050106436, 0.039649036, -0.018020371, 0.03714047, -5.5318647E-5, -0.0042909575, -0.019103467, 0.04517721, 0.052627385, 0.057642847, 0.014252268, -0.004250207, 0.058679715, 0.026217058, -0.021754952, -0.06490851, 0.05739905, -0.0060722353, -0.011309716, 0.046629928, -0.024086656, 0.017342282, -0.025227888, 0.005800016, 0.01710005, 0.033672925, 0.005652103, -0.027056612, 0.02200362, 0.011601515, 0.02828326, -0.052406378, -0.035875157, -0.0436816, -0.011391871, 0.024297928, -0.04961786, 0.0075444235, 0.032905024, -0.039658237, 0.034854032, 0.043659482, 0.018623805, -0.035599712, 0.036927927, 0.025785225, 0.04370134, -0.013583732, 0.006229489, 0.017317234, 0.07345945, -0.025002897, 0.032807976, -0.009068808, -0.066466235, -0.026303805, -0.01487808, 1.9822965E-4, 0.048477974, 0.01888698, -0.060373, -0.0039525935, -0.029260194, -0.019162579, -0.019695694, -0.0062310565, -0.001551796, 0.037399795, 0.008794196, 0.0039107706, 0.07096531, 0.029338345, -0.02684327, 0.015798653, 0.04654364, 0.0722328, 0.052831784, 0.030923402, 0.0073574334, 0.021823494, 0.030874634, -0.027142217, 0.046679668, -0.006635496, 0.029381786, -0.0155893285, -0.013425865, -0.02062696, -0.012646791, 0.016325418, 0.016990323, -0.032490533, -0.013046548, -1.108348E-4, 0.043009743, 0.004339617, 0.01094404, -0.066444784, -0.009255502, 0.048827358, -0.042440478, -0.054339368, -0.03346798, 0.0014297812, 0.008500547, -0.028144103, 0.013234538, 0.004088098, -0.02413413, 0.051427357, -0.05734494, -0.04014408, 0.028986044, 0.010994309, -0.006746976, -8.1279594E-4, 0.0132682035, 0.045167405, -0.0039222906, 0.042903617, 0.0138869, 0.0012450763, -0.011386505, -0.03935341, 0.050375212, -0.020316107, 0.04455191, -0.0031796822, -0.051268082, -0.038089544, 0.006445511, 0.032280903, 0.039166942, -0.06457564, 0.076614596, 0.056125466, -0.014975333, 0.057660125, -0.019861698, -0.084858514, -0.0030274533, 0.017828332, 0.036508497, -0.026552565, 0.0051912507, -0.008464038, -0.016382368, -0.014792422, 0.035784643, 0.008159373, 0.036822803, 0.013089262, -0.008024811, -0.07191718, -0.022632798, 0.023883916, 0.0773229, 0.026460482, -0.061586503, 0.044035148, -0.051371995, -0.01584566, 0.0056696404, 0.039577663, 0.07190807, -0.03737495, -0.037471816, 0.044701077, 0.027078997, -0.01641879, -0.0056974823, 0.003677942, -0.08898032, 0.029445438, 0.003112864, -0.04169874, 